{"cameraMode":{"drawMode":0,"name":"Shaded","section":"Shading Mode"},"sceneLighting":true,"audioPlay":false,"sceneViewState":{"showFog":true,"showMaterialUpdate":false,"showSkybox":true,"showFlares":true,"showImageEffects":true,"showParticleSystems":true},"in2DMode":false,"pivot":{"x":0.18205547332763673,"y":-0.5316578149795532,"z":-0.5658695101737976},"rotation":{"x":-0.11356040090322495,"y":-0.8065257668495178,"z":0.16458037495613099,"w":-0.5563898682594299},"size":3.886967420578003,"orthographic":false}