{"cameraMode":{"drawMode":0,"name":"Shaded","section":"Shading Mode"},"sceneLighting":false,"audioPlay":false,"sceneViewState":{"showFog":true,"showMaterialUpdate":false,"showSkybox":false,"showFlares":true,"showImageEffects":true,"showParticleSystems":true},"in2DMode":false,"pivot":{"x":52.159725189208987,"y":2.6162970066070558,"z":-41.19257354736328},"rotation":{"x":-0.08710809051990509,"y":0.8780140280723572,"z":-0.17506782710552216,"w":-0.4368705749511719},"size":2.127692222595215,"orthographic":false}