{"cameraMode":{"drawMode":0,"name":"Shaded","section":"Shading Mode"},"sceneLighting":true,"audioPlay":false,"sceneViewState":{"showFog":true,"showMaterialUpdate":false,"showSkybox":true,"showFlares":true,"showImageEffects":true,"showParticleSystems":true},"in2DMode":false,"pivot":{"x":73.36146545410156,"y":46.95090103149414,"z":73.96037292480469},"rotation":{"x":0.2194986194372177,"y":0.6364578604698181,"z":-0.19620555639266969,"w":0.7130321264266968},"size":44.54710388183594,"orthographic":false}